唯一进程 ID,进程 ID,唯一线程 ID,线程 ID,线程名称,线程开始时间,线程结束时间,线程开始地址,生存时间,
0,5284,0,11188,"未知","8,158,666,104,587.06","25,104.74","1,961,287,264","30,075.20",
0,5284,1,9012,"未知","8,158,666,104,692.68","29,804.61","2,006,704,688","34,669.46",
0,5284,2,3024,"未知","8,158,666,104,695.28","29,804.12","2,006,704,688","34,666.35",
0,5284,3,7560,"未知","8,158,666,105,980.93","29,802.91","1,736,985,440","33,379.50",
0,5284,4,2140,"未知","8,158,666,105,981.03","8,158,666,107,483.27","1,737,950,512","1,502.24",
0,5284,5,11372,"未知","8,158,666,105,997.61","29,802.89","1,736,985,440","33,362.80",
0,5284,6,8308,"未知","8,158,666,108,571.98",517.47,"1,737,950,512","1,503.01",
0,5284,7,1076,"未知",0.00,"30,743.22","1,761,774","30,743.22",
0,5284,8,11048,"未知",0.00,"29,806.44","1,737,909,712","29,806.44",
0,5284,9,11588,"未知",0.02,"29,801.87","1,736,985,440","29,801.86",
0,5284,10,8476,"未知",0.02,"29,806.39","1,997,330,880","29,806.38",
0,5284,11,11448,"未知",0.02,"29,594.43","1,613,337,104","29,594.41",
0,5284,12,12328,"未知",0.02,"29,801.91","1,736,985,440","29,801.89",
0,5284,13,12808,"未知",0.02,"29,805.40","1,997,330,880","29,805.38",
0,5284,14,11764,"未知",0.02,"29,805.06","1,997,330,880","29,805.04",
0,5284,15,8408,"未知",0.02,"29,801.87","1,962,245,840","29,801.85",
0,5284,16,12488,"未知",0.02,"29,673.91","1,770,108,176","29,673.89",
0,5284,17,10644,"未知",0.02,"29,805.04","2,006,704,688","29,805.01",
0,5284,18,6364,"未知",0.03,"29,805.01","271,969,395","29,804.99",
0,5284,19,4444,"未知",0.03,"29,804.99","271,768,752","29,804.96",
0,5284,20,9780,"未知",0.03,"29,804.97","1,737,950,160","29,804.94",
0,5284,21,8812,"未知",0.03,"29,804.94","2,006,704,688","29,804.91",
0,5284,22,12160,"未知",0.03,"29,804.78","2,006,704,688","29,804.75",
0,5284,23,13100,"未知",0.03,"29,762.86","1,962,245,840","29,762.83",
0,5284,24,12760,"未知",0.03,"29,793.26","279,180,864","29,793.23",
0,5284,25,5996,"未知",0.03,"29,795.47","279,180,864","29,795.44",
0,5284,26,11384,"未知",0.03,"29,797.04","279,180,864","29,797.00",
0,5284,27,12196,"未知",0.03,"29,763.62","279,180,864","29,763.59",
0,5284,28,14024,"未知",0.03,"29,800.44","278,863,376","29,800.41",
0,5284,29,12044,"未知",0.04,"29,806.70","1,962,245,840","29,806.66",
0,5284,30,7572,"未知",0.04,"29,804.76","1,962,245,840","29,804.72",
0,5284,31,5888,"未知",0.04,"29,791.77","2,006,704,688","29,791.74",
0,5284,32,5444,"未知",0.04,"29,799.25","279,180,864","29,799.21",
0,5284,33,9256,"未知",0.04,"29,804.73","1,451,053,888","29,804.69",
0,5284,34,3400,"未知",0.04,"29,804.71","1,864,841,584","29,804.67",
0,5284,35,11904,"未知",0.04,"29,804.69","2,006,704,688","29,804.65",
0,5284,36,11188,"未知",0.04,"25,104.74","1,961,287,264","25,104.70",
0,5284,37,9012,"未知",0.04,"29,804.61","2,006,704,688","29,804.57",
0,5284,38,3024,"未知",0.04,"29,804.12","2,006,704,688","29,804.08",
0,5284,39,7560,"未知",0.04,"29,802.91","1,736,985,440","29,802.86",
0,5284,40,11372,"未知",0.05,"29,802.89","1,736,985,440","29,802.84",
0,5284,41,8308,"未知",0.05,517.47,"1,737,950,512",517.42,
0,5284,42,10940,"未知","6,424.81","7,928.29","1,737,950,512","1,503.48",
0,5284,43,2200,"未知","15,325.43","29,802.87","2,006,704,688","14,477.44",
0,5284,44,9232,"未知","15,327.66","29,802.83","2,006,704,688","14,475.17",
0,5284,45,13772,"未知","16,425.40","17,926.87","1,737,950,512","1,501.47",
0,5284,46,13236,"未知","26,425.93","27,932.00","1,737,950,512","1,506.06",
0,5284,47,13396,"未知","29,640.16","29,802.63","1,997,330,880",162.47,
0,5284,48,8012,"未知","29,646.32","29,801.93","1,738,014,608",155.61,
